,agent0,agent1,agent0_win,agent1_win,draw,agent0_reward,agent1_reward,num_matches
0,compute_action_function,compute_action_function,51,49,0,-30.0,30.0,100
1,compute_action_function,RANDOM,100,0,0,1486.0,-1486.0,100
2,compute_action_function,WEAK,49,51,0,-10.0,10.0,100
3,compute_action_function,MEDIUM,40,60,0,-122.0,122.0,100
4,compute_action_function,STRONG,26,74,0,-310.0,310.0,100
5,compute_action_function,RULE_BASED,100,0,0,1328.0,-1328.0,100
6,compute_action_function,ALPHA_PONG,10,90,0,-616.0,616.0,100
0,RANDOM,RANDOM,49,51,0,26.0,-26.0,100
1,RANDOM,WEAK,0,100,0,-1594.0,1594.0,100
2,RANDOM,MEDIUM,0,100,0,-1524.0,1524.0,100
3,RANDOM,STRONG,0,100,0,-1628.0,1628.0,100
4,RANDOM,RULE_BASED,0,100,0,-1910.0,1910.0,100
5,RANDOM,ALPHA_PONG,0,100,0,-1682.0,1682.0,100
0,WEAK,WEAK,52,48,0,80.0,-80.0,100
1,WEAK,MEDIUM,44,56,0,-130.0,130.0,100
2,WEAK,STRONG,31,69,0,-320.0,320.0,100
3,WEAK,RULE_BASED,100,0,0,1172.0,-1172.0,100
4,WEAK,ALPHA_PONG,13,87,0,-526.0,526.0,100
0,MEDIUM,MEDIUM,42,58,0,-108.0,108.0,100
1,MEDIUM,STRONG,27,73,0,-216.0,216.0,100
2,MEDIUM,RULE_BASED,99,1,0,1128.0,-1128.0,100
3,MEDIUM,ALPHA_PONG,12,88,0,-494.0,494.0,100
0,STRONG,STRONG,53,47,0,36.0,-36.0,100
1,STRONG,RULE_BASED,96,4,0,718.0,-718.0,100
2,STRONG,ALPHA_PONG,17,83,0,-448.0,448.0,100
0,RULE_BASED,RULE_BASED,46,54,0,-28.0,28.0,100
1,RULE_BASED,ALPHA_PONG,1,99,0,-1170.0,1170.0,100
0,ALPHA_PONG,ALPHA_PONG,51,49,0,20.0,-20.0,100
